link,type_of_source,time_from,time_to,genre
https://www.youtube.com/watch?v=UKq-Uz2ZTPw&list=PLm3gZzAZXT4v1Rd893pQijsHWBrVt43Lr&index=35,Show,00:00:20,00:03:43,hiphop
https://www.youtube.com/watch?v=nerSkOMcZaA&list=PLm3gZzAZXT4v1Rd893pQijsHWBrVt43Lr&index=70,Show,00:00:34,00:04:31,pop
https://www.youtube.com/watch?v=qBX_iXOmQ_4&list=PLm3gZzAZXT4v1Rd893pQijsHWBrVt43Lr&index=20,Show,00:00:39,00:03:50,pop
https://www.youtube.com/watch?v=Y_DFEPFCmTg&list=PLm3gZzAZXT4v1Rd893pQijsHWBrVt43Lr&index=180,Show,00:01:14,00:04:36,metal
https://www.youtube.com/watch?v=pWkB9NZi7tw&list=PLm3gZzAZXT4v1Rd893pQijsHWBrVt43Lr&index=179,Show,00:00:58,00:04:35,pop
https://www.youtube.com/watch?v=lAxLilfmlXs&list=PLm3gZzAZXT4v1Rd893pQijsHWBrVt43Lr&index=42,Show,00:00:19,00:04:29,pop
https://www.youtube.com/watch?v=cW81OmYaxOM&list=PLm3gZzAZXT4v1Rd893pQijsHWBrVt43Lr&index=155,Show,00:00:22,00:03:39,rock
https://www.youtube.com/watch?v=VqmZ77feIw8&list=PLm3gZzAZXT4v1Rd893pQijsHWBrVt43Lr&index=61,Show,00:00:22,00:03:55,pop
https://www.youtube.com/watch?v=J9FCz-UCpZc&list=PLm3gZzAZXT4v1Rd893pQijsHWBrVt43Lr&index=82,Show,00:00:39,00:04:15,electronic
https://www.youtube.com/watch?v=4ZTlsqz-aoU&list=PLm3gZzAZXT4v1Rd893pQijsHWBrVt43Lr&index=27,Show,00:00:11,00:02:44,pop
https://www.youtube.com/watch?v=B6H7aNXXSuQ&list=PLm3gZzAZXT4v1Rd893pQijsHWBrVt43Lr&index=11,Show,00:00:34,00:03:47,hiphop
https://www.youtube.com/watch?v=Cvlk0UuDJas&list=PLm3gZzAZXT4v1Rd893pQijsHWBrVt43Lr&index=154,Show,00:00:30,00:02:46,hiphop
https://www.youtube.com/watch?v=eLTgO3YXeGk&list=PLm3gZzAZXT4v1Rd893pQijsHWBrVt43Lr&index=99,Show,00:00:27,00:03:53,pop
https://www.youtube.com/watch?v=jIOAphgb4dg&list=PLm3gZzAZXT4v1Rd893pQijsHWBrVt43Lr&index=12,Show,00:00:30,00:04:25,pop
https://www.youtube.com/watch?v=4ILkX7TJHBM&list=PLm3gZzAZXT4v1Rd893pQijsHWBrVt43Lr&index=71,Show,00:00:36,00:03:48,pop
https://www.youtube.com/watch?v=iSkJLcLpv5g&list=PLm3gZzAZXT4v1Rd893pQijsHWBrVt43Lr&index=107,Show,00:00:29,00:03:40,pop
https://www.youtube.com/watch?v=wAFNH-V4R3s&list=PLm3gZzAZXT4v1Rd893pQijsHWBrVt43Lr&index=3,Show,00:00:34,00:04:48,jazz
https://www.youtube.com/watch?v=kGe9oFm5ZZY&list=PLm3gZzAZXT4v1Rd893pQijsHWBrVt43Lr&index=156,Show,00:00:24,00:02:53,electronic
https://www.youtube.com/watch?v=QUeumuoIVSc&list=PLm3gZzAZXT4v1Rd893pQijsHWBrVt43Lr&index=97,Show,00:00:50,00:03:53,hiphop
https://www.youtube.com/watch?v=FZZZqX5Jc8w&list=PLm3gZzAZXT4v1Rd893pQijsHWBrVt43Lr&index=103,Show,00:00:44,00:04:13,pop
https://www.youtube.com/watch?v=QRUml-rlacc&list=PLm3gZzAZXT4v1Rd893pQijsHWBrVt43Lr&index=115,Show,00:00:37,00:03:56,hiphop
https://www.youtube.com/watch?v=LaqkLSz0frc&list=PLm3gZzAZXT4v1Rd893pQijsHWBrVt43Lr&index=125,Show,00:00:33,00:03:14,pop
https://www.youtube.com/watch?v=_RiBeYynyfU&list=PLm3gZzAZXT4v1Rd893pQijsHWBrVt43Lr&index=45,Show,00:00:36,00:03:59,pop
https://www.youtube.com/watch?v=5lAW0FBofLo&list=PLm3gZzAZXT4v1Rd893pQijsHWBrVt43Lr&index=143,Show,00:00:26,00:03:57,electronic
https://www.youtube.com/watch?v=6A75BySqTps&list=PLm3gZzAZXT4v1Rd893pQijsHWBrVt43Lr&index=67,Show,00:00:55,00:03:58,electronic
https://www.youtube.com/watch?v=JZw6i7fC228&list=PLm3gZzAZXT4v1Rd893pQijsHWBrVt43Lr&index=80,Show,00:00:41,00:03:45,indi
https://www.youtube.com/watch?v=qbeeu4cSlto&list=PLm3gZzAZXT4v1Rd893pQijsHWBrVt43Lr&index=51,Show,00:00:26,00:03:24,pop
https://www.youtube.com/watch?v=LMwxZp8-Enw&list=PLm3gZzAZXT4v1Rd893pQijsHWBrVt43Lr&index=108,Show,00:00:33,00:04:38,pop
https://www.youtube.com/watch?v=_SlEc76EoyA&list=PLm3gZzAZXT4v1Rd893pQijsHWBrVt43Lr&index=181,Show,00:00:22,00:03:48,pop
https://www.youtube.com/watch?v=ON6tABEzoFA&list=PLm3gZzAZXT4v1Rd893pQijsHWBrVt43Lr&index=119,Show,00:00:32,00:04:14,pop
https://www.youtube.com/watch?v=NcwN-nGEN5k&list=PLm3gZzAZXT4v1Rd893pQijsHWBrVt43Lr&index=54,Show,00:00:26,00:03:45,pop
https://www.youtube.com/watch?v=QNoMFyq44go&list=PLm3gZzAZXT4v1Rd893pQijsHWBrVt43Lr&index=174,Show,00:00:39,00:04:22,pop
https://www.youtube.com/watch?v=G7XreaPzqFE&list=PLm3gZzAZXT4v1Rd893pQijsHWBrVt43Lr&index=66,Show,00:00:33,00:04:13,indi
https://www.youtube.com/watch?v=5lPNPQWBFaM&list=PLm3gZzAZXT4v1Rd893pQijsHWBrVt43Lr&index=177,Show,00:00:25,00:03:45,indi
https://www.youtube.com/watch?v=U_LQOQbROq0&list=PLm3gZzAZXT4v1Rd893pQijsHWBrVt43Lr&index=53,Show,00:00:41,00:03:57,pop
https://www.youtube.com/watch?v=7kKO3jLR2jg&list=PLm3gZzAZXT4v1Rd893pQijsHWBrVt43Lr&index=92,Show,00:00:44,00:03:01,indi
https://www.youtube.com/watch?v=sNYd44nS0J8&list=PLm3gZzAZXT4v1Rd893pQijsHWBrVt43Lr&index=121,Show,00:00:22,00:04:50,rock
https://www.youtube.com/watch?v=yw_SQ1dTn4o&list=PLm3gZzAZXT4v1Rd893pQijsHWBrVt43Lr&index=117,Show,00:01:53,00:06:30,indi
https://www.youtube.com/watch?v=V-8zuu1Z6sI&list=PLm3gZzAZXT4v1Rd893pQijsHWBrVt43Lr&index=104,Show,00:00:32,00:04:44,indi
https://www.youtube.com/watch?v=AVk4tG_y6gI&list=PLm3gZzAZXT4v1Rd893pQijsHWBrVt43Lr&index=140,Show,00:00:22,00:03:58,rock
https://www.youtube.com/watch?v=xwBFJdI-rcw&list=PLm3gZzAZXT4v1Rd893pQijsHWBrVt43Lr&index=76,Show,00:00:31,00:03:42,blues
https://www.youtube.com/watch?v=yJCf1-k8QMw&list=PLm3gZzAZXT4v1Rd893pQijsHWBrVt43Lr&index=21,Show,00:00:29,00:04:07,pop
https://www.youtube.com/watch?v=7Tltk9DCXUU&list=PLm3gZzAZXT4v1Rd893pQijsHWBrVt43Lr&index=90,Show,00:00:42,00:03:46,hiphop
https://www.youtube.com/watch?v=x9OTaUuaQcQ&list=PLm3gZzAZXT4v1Rd893pQijsHWBrVt43Lr&index=13,Show,00:00:25,00:03:44,pop
https://www.youtube.com/watch?v=uFvqqaXTzx8&list=PLm3gZzAZXT4v1Rd893pQijsHWBrVt43Lr&index=94,Show,00:00:24,00:04:04,electronic
https://www.youtube.com/watch?v=F0GsRypNmvM&list=PLm3gZzAZXT4v1Rd893pQijsHWBrVt43Lr&index=81,Show,00:00:55,00:03:58,indi
https://www.youtube.com/watch?v=BA7CZLgdkeA&list=PLm3gZzAZXT4v1Rd893pQijsHWBrVt43Lr&index=62,Show,00:00:00,00:04:22,rock
https://www.youtube.com/watch?v=fv3ggvcmNac&list=PLm3gZzAZXT4v1Rd893pQijsHWBrVt43Lr&index=24,Show,00:00:00,00:03:28,indi
https://www.youtube.com/watch?v=fLDZhtfg5zk&list=PLm3gZzAZXT4v1Rd893pQijsHWBrVt43Lr&index=28,Show,00:00:43,00:05:09,indi
https://www.youtube.com/watch?v=2Zl13XCo_eI&list=PLm3gZzAZXT4v1Rd893pQijsHWBrVt43Lr&index=131,Show,00:00:43,00:04:07,pop
https://www.youtube.com/watch?v=QTaMqtQXv6Q&list=PLm3gZzAZXT4v1Rd893pQijsHWBrVt43Lr&index=58,Show,00:00:24,00:04:45,pop
https://www.youtube.com/watch?v=4ZTx_tEt9zY&list=PLm3gZzAZXT4v1Rd893pQijsHWBrVt43Lr&index=168,Show,00:00:03,00:03:34,pop
https://www.youtube.com/watch?v=Vf-9JiFenIw&list=PLm3gZzAZXT4v1Rd893pQijsHWBrVt43Lr&index=88,Show,00:01:06,00:03:53,rock
https://www.youtube.com/watch?v=mTDmfnJ6_tw&list=PLm3gZzAZXT4v1Rd893pQijsHWBrVt43Lr&index=116,Show,00:00:41,00:05:28,rock
https://www.youtube.com/watch?v=wZfKjX4_AU4&list=PLm3gZzAZXT4v1Rd893pQijsHWBrVt43Lr&index=74,Show,00:00:24,00:03:47,pop
https://www.youtube.com/watch?v=8s-qSls9zK8&list=PLm3gZzAZXT4v1Rd893pQijsHWBrVt43Lr&index=176,Show,00:00:40,00:04:08,hiphop
https://www.youtube.com/watch?v=UZQaiEf4U9c&list=PLm3gZzAZXT4v1Rd893pQijsHWBrVt43Lr&index=151,Show,00:00:22,00:05:03,rock
https://www.youtube.com/watch?v=SyESIhQcQFg&list=PLm3gZzAZXT4v1Rd893pQijsHWBrVt43Lr&index=96,Show,00:00:40,00:05:14,rock
https://www.youtube.com/watch?v=hF_1Az2A9fg&list=PLm3gZzAZXT4v1Rd893pQijsHWBrVt43Lr&index=175,Show,00:01:08,00:04:18,pop
https://www.youtube.com/watch?v=P3br0xN7bQ0&list=PLm3gZzAZXT4v1Rd893pQijsHWBrVt43Lr&index=4,Show,00:00:29,00:04:09,pop
https://www.youtube.com/watch?v=mvHawg12Gxo&list=PLm3gZzAZXT4v1Rd893pQijsHWBrVt43Lr&index=145,Show,00:00:23,00:04:16,hiphop
https://www.youtube.com/watch?v=inoNWBDSjqU&list=PLm3gZzAZXT4v1Rd893pQijsHWBrVt43Lr&index=124,Show,00:00:35,00:04:06,indi
https://www.youtube.com/watch?v=OKvNlw8ToAA&list=PLm3gZzAZXT4v1Rd893pQijsHWBrVt43Lr&index=135,Show,00:00:24,00:04:26,pop
https://www.youtube.com/watch?v=h1QrvlNGb58&list=PLm3gZzAZXT4v1Rd893pQijsHWBrVt43Lr&index=126,Show,00:00:26,00:04:01,pop
https://www.youtube.com/watch?v=ZEkh2qtm1R8&list=PLm3gZzAZXT4v1Rd893pQijsHWBrVt43Lr&index=129,Show,00:01:02,00:04:33,indi
https://www.youtube.com/watch?v=OIB9O8CtRho&list=PLm3gZzAZXT4v1Rd893pQijsHWBrVt43Lr&index=142,Show,00:00:22,00:03:40,pop
https://www.youtube.com/watch?v=6mAQtXkJMJM&list=PLm3gZzAZXT4v1Rd893pQijsHWBrVt43Lr&index=148,Show,00:00:47,00:04:09,pop
https://www.youtube.com/watch?v=SFJOCyuGsQ8&list=PLm3gZzAZXT4v1Rd893pQijsHWBrVt43Lr&index=144,Show,00:00:17,00:04:31,pop
https://www.youtube.com/watch?v=UDPJ8y4OyEc&list=PLm3gZzAZXT4v1Rd893pQijsHWBrVt43Lr&index=182,Show,00:00:43,00:02:41,classical
https://www.youtube.com/watch?v=LMZ9hM-JzrA&list=PLm3gZzAZXT4v1Rd893pQijsHWBrVt43Lr&index=153,Show,00:00:14,00:03:55,rock
https://www.youtube.com/watch?v=C19J8wB4-BY&list=PLm3gZzAZXT4v1Rd893pQijsHWBrVt43Lr&index=127,Show,00:00:28,00:03:25,rock
https://www.youtube.com/watch?v=aVayGgFsAzQ&list=PLm3gZzAZXT4v1Rd893pQijsHWBrVt43Lr&index=138,Show,00:00:42,00:04:20,rock
https://www.youtube.com/watch?v=bLJD-R0dobk&list=PLm3gZzAZXT4v1Rd893pQijsHWBrVt43Lr&index=130,Show,00:00:26,00:04:10,pop
https://www.youtube.com/watch?v=WW4jeAgqM8s&list=PLm3gZzAZXT4v1Rd893pQijsHWBrVt43Lr&index=132,Show,00:00:30,00:03:10,rock
https://www.youtube.com/watch?v=K_QUj-CFv5s&list=PLm3gZzAZXT4v1Rd893pQijsHWBrVt43Lr&index=173,Show,00:00:23,00:03:25,classical
https://www.youtube.com/watch?v=blY03dJxEWE&list=PLm3gZzAZXT4v1Rd893pQijsHWBrVt43Lr&index=146,Show,00:00:28,00:04:05,rock
https://www.youtube.com/watch?v=Afasva3ofNw&list=PLm3gZzAZXT4v1Rd893pQijsHWBrVt43Lr&index=137,Show,00:00:19,00:04:18,rock
https://www.youtube.com/watch?v=JK58O8tcZBE&list=PLm3gZzAZXT4v1Rd893pQijsHWBrVt43Lr&index=152,Show,00:00:24,00:03:31,pop
https://www.youtube.com/watch?v=m6X_if0AnKM&list=PLm3gZzAZXT4v1Rd893pQijsHWBrVt43Lr&index=122,Show,00:00:30,00:02:56,pop
https://www.youtube.com/watch?v=lUvAqI3YD8E&list=PLm3gZzAZXT4v1Rd893pQijsHWBrVt43Lr&index=134,Show,00:00:39,00:05:17,rock
https://www.youtube.com/watch?v=HOl9PRToVfo&list=PLm3gZzAZXT4v1Rd893pQijsHWBrVt43Lr&index=150,Show,00:00:24,00:04:07,rock
https://www.youtube.com/watch?v=OFioe4WKCiE&list=PLm3gZzAZXT4v1Rd893pQijsHWBrVt43Lr&index=164,Show,00:00:27,00:03:44,pop
https://www.youtube.com/watch?v=7kmTALw3eEM&list=PLm3gZzAZXT4v1Rd893pQijsHWBrVt43Lr&index=52,Show,00:00:32,00:03:14,pop
https://www.youtube.com/watch?v=iUGJISZXGvY&list=PLm3gZzAZXT4v1Rd893pQijsHWBrVt43Lr&index=5,Show,00:00:26,00:03:23,indi
https://www.youtube.com/watch?v=2-pKh_DiLcc&list=PLm3gZzAZXT4v1Rd893pQijsHWBrVt43Lr&index=33,Show,00:00:12,00:04:01,pop
https://www.youtube.com/watch?v=omtrL7jgoIA&list=PLm3gZzAZXT4v1Rd893pQijsHWBrVt43Lr&index=26,Show,00:00:31,00:04:07,pop
https://www.youtube.com/watch?v=NfI_7AfGJUA&list=PLm3gZzAZXT4v1Rd893pQijsHWBrVt43Lr&index=170,Show,00:00:39,00:04:18,pop
https://www.youtube.com/watch?v=8AObde3x4yg&list=PLm3gZzAZXT4v1Rd893pQijsHWBrVt43Lr&index=47,Show,00:01:09,00:03:34,folk
https://www.youtube.com/watch?v=cLDotgUe3Zk&list=PLm3gZzAZXT4v1Rd893pQijsHWBrVt43Lr&index=2,Show,00:00:20,00:03:50,rock
https://www.youtube.com/watch?v=Y6xXX_onVrI&list=PLm3gZzAZXT4v1Rd893pQijsHWBrVt43Lr&index=49,Show,00:01:46,00:03:07,rock
https://www.youtube.com/watch?v=r0n-J0zs5LI&list=PLm3gZzAZXT4v1Rd893pQijsHWBrVt43Lr&index=120,Show,00:00:40,00:04:58,rock
https://www.youtube.com/watch?v=p_aNdkMJsho&list=PLm3gZzAZXT4v1Rd893pQijsHWBrVt43Lr&index=75,Show,00:00:19,00:03:39,indi
https://www.youtube.com/watch?v=MIj81SwCwy0&list=PLm3gZzAZXT4v1Rd893pQijsHWBrVt43Lr&index=136,Show,00:00:39,00:04:28,indi
https://www.youtube.com/watch?v=OYqrr1Db4GA&list=PLm3gZzAZXT4v1Rd893pQijsHWBrVt43Lr&index=91,Show,00:00:14,00:03:38,rock
https://www.youtube.com/watch?v=mc0m6MfRKVI&list=PLm3gZzAZXT4v1Rd893pQijsHWBrVt43Lr&index=68,Show,00:00:33,00:05:17,pop
https://www.youtube.com/watch?v=CciILvyFlwc&list=PLm3gZzAZXT4v1Rd893pQijsHWBrVt43Lr&index=41,Show,00:01:19,00:07:03,pop
https://www.youtube.com/watch?v=Y7G6vfMfIVk&list=PLm3gZzAZXT4v1Rd893pQijsHWBrVt43Lr&index=46,Show,00:00:48,00:03:55,pop
https://www.youtube.com/watch?v=LdzsCv9QVYk&list=PLm3gZzAZXT4v1Rd893pQijsHWBrVt43Lr&index=38,Show,00:00:21,00:02:58,pop
https://www.youtube.com/watch?v=As3ehTBbEtI&list=PLm3gZzAZXT4v1Rd893pQijsHWBrVt43Lr&index=40,Show,00:00:23,00:04:12,pop
https://www.youtube.com/watch?v=uVX1jr7n4LQ&list=PLm3gZzAZXT4v1Rd893pQijsHWBrVt43Lr&index=57,Show,00:00:21,00:03:10,pop
https://www.youtube.com/watch?v=so74_3vApmM&list=PLm3gZzAZXT4v1Rd893pQijsHWBrVt43Lr&index=16,Show,00:00:12,00:02:39,pop
https://www.youtube.com/watch?v=hvAeW3U4LZ8&list=PLm3gZzAZXT4v1Rd893pQijsHWBrVt43Lr&index=165,Show,00:00:32,00:04:07,pop
https://www.youtube.com/watch?v=zqh8b331O8c&list=PLm3gZzAZXT4v1Rd893pQijsHWBrVt43Lr&index=56,Show,00:00:22,00:03:33,rock
https://www.youtube.com/watch?v=S_mcmKlzPX8&list=PLm3gZzAZXT4v1Rd893pQijsHWBrVt43Lr&index=95,Show,00:00:42,00:04:25,hiphop
https://www.youtube.com/watch?v=pUatmgANn1k&list=PLm3gZzAZXT4v1Rd893pQijsHWBrVt43Lr&index=141,Show,00:00:20,00:03:36,electronic
https://www.youtube.com/watch?v=fWrTNjIxOyY&list=PLm3gZzAZXT4v1Rd893pQijsHWBrVt43Lr&index=183,Show,00:00:30,00:04:01,rock
https://www.youtube.com/watch?v=D7W6bgt7xHE&list=PLm3gZzAZXT4v1Rd893pQijsHWBrVt43Lr&index=50,Show,00:00:33,00:03:10,hiphop
https://www.youtube.com/watch?v=rIGTTmoLsJE&list=PLm3gZzAZXT4v1Rd893pQijsHWBrVt43Lr&index=55,Show,00:00:48,00:04:06,rock
https://www.youtube.com/watch?v=a6dtE7dSfiE&list=PLm3gZzAZXT4v1Rd893pQijsHWBrVt43Lr&index=163,Show,00:01:01,00:04:28,rock
https://www.youtube.com/watch?v=Y61bL2Au88Y&list=PLm3gZzAZXT4v1Rd893pQijsHWBrVt43Lr&index=105,Show,00:01:10,00:06:31,rock
https://www.youtube.com/watch?v=uAP2MlM53xE&list=PLm3gZzAZXT4v1Rd893pQijsHWBrVt43Lr&index=87,Show,00:00:28,00:02:54,pop
https://www.youtube.com/watch?v=xanqUVoX5wI&list=PLm3gZzAZXT4v1Rd893pQijsHWBrVt43Lr&index=22,Show,00:00:41,00:05:01,hiphop
https://www.youtube.com/watch?v=PVdk_vZR7So&list=PLm3gZzAZXT4v1Rd893pQijsHWBrVt43Lr&index=158,Show,00:00:50,00:03:58,pop
https://www.youtube.com/watch?v=0jOUjiE01No&list=PLm3gZzAZXT4v1Rd893pQijsHWBrVt43Lr&index=77,Show,00:00:35,00:04:33,pop
https://www.youtube.com/watch?v=HaQLF7MLIc4&list=PLm3gZzAZXT4v1Rd893pQijsHWBrVt43Lr&index=123,Show,00:00:27,00:04:05,pop
https://www.youtube.com/watch?v=9HfWjzs1jmA&list=PLm3gZzAZXT4v1Rd893pQijsHWBrVt43Lr&index=171,Show,00:00:47,00:04:38,pop
https://www.youtube.com/watch?v=sqgDkzpcv3Y&list=PLm3gZzAZXT4v1Rd893pQijsHWBrVt43Lr&index=114,Show,00:00:58,00:04:14,pop
https://www.youtube.com/watch?v=y41jgVVG798&list=PLm3gZzAZXT4v1Rd893pQijsHWBrVt43Lr&index=69,Show,00:00:23,00:03:44,pop
https://www.youtube.com/watch?v=Aw3n63EsZv8&list=PLm3gZzAZXT4v1Rd893pQijsHWBrVt43Lr&index=44,Show,00:00:20,00:04:01,rock
https://www.youtube.com/watch?v=3pBHvuNi5OY&list=PLm3gZzAZXT4v1Rd893pQijsHWBrVt43Lr&index=93,Show,00:00:42,00:03:44,rock
https://www.youtube.com/watch?v=6jaWTn4B_ZM&list=PLm3gZzAZXT4v1Rd893pQijsHWBrVt43Lr&index=1,Show,00:00:33,00:04:27,pop
https://www.youtube.com/watch?v=t1nqLpj60Ko&list=PLm3gZzAZXT4v1Rd893pQijsHWBrVt43Lr&index=98,Show,00:00:48,00:03:33,indi
https://www.youtube.com/watch?v=siq8HBSa5f0&list=PLm3gZzAZXT4v1Rd893pQijsHWBrVt43Lr&index=169,Show,00:00:36,00:04:01,pop
https://www.youtube.com/watch?v=B7KGqJHiGqA&list=PLm3gZzAZXT4v1Rd893pQijsHWBrVt43Lr&index=8,Show,00:00:24,00:03:37,pop
https://www.youtube.com/watch?v=WhoC8GcTghw&list=PLm3gZzAZXT4v1Rd893pQijsHWBrVt43Lr&index=89,Show,00:00:44,00:04:14,indi
https://www.youtube.com/watch?v=sTiLfk1FRQg&list=PLm3gZzAZXT4v1Rd893pQijsHWBrVt43Lr&index=178,Show,00:00:32,00:03:55,indi
https://www.youtube.com/watch?v=DEn5cmM87Bs&list=PLm3gZzAZXT4v1Rd893pQijsHWBrVt43Lr&index=9,Show,00:00:22,00:04:29,rock
https://www.youtube.com/watch?v=-yx3wkUaeIc&list=PLm3gZzAZXT4v1Rd893pQijsHWBrVt43Lr&index=166,Show,00:00:32,00:05:00,pop
https://www.youtube.com/watch?v=wtvCXe7fd8U&list=PLm3gZzAZXT4v1Rd893pQijsHWBrVt43Lr&index=110,Show,00:00:33,00:04:02,rock
https://www.youtube.com/watch?v=8p3o0zbAZVs&list=PLm3gZzAZXT4v1Rd893pQijsHWBrVt43Lr&index=60,Show,00:00:40,00:05:22,rock
https://www.youtube.com/watch?v=vfutudNcA0E&list=PLm3gZzAZXT4v1Rd893pQijsHWBrVt43Lr&index=101,Show,00:00:19,00:04:04,pop
https://www.youtube.com/watch?v=D2Ozo6gz0FQ&list=PLm3gZzAZXT4v1Rd893pQijsHWBrVt43Lr&index=19,Show,00:00:14,00:02:56,pop
https://www.youtube.com/watch?v=CSLNJ_kQddc&list=PLm3gZzAZXT4v1Rd893pQijsHWBrVt43Lr&index=18,Show,00:00:49,00:03:55,rock
https://www.youtube.com/watch?v=OoLa4pAmwD0&list=PLm3gZzAZXT4v1Rd893pQijsHWBrVt43Lr&index=112,Show,00:00:54,00:04:59,indi
https://www.youtube.com/watch?v=Yy520aNDFrw&list=PLm3gZzAZXT4v1Rd893pQijsHWBrVt43Lr&index=100,Show,00:00:30,00:05:00,rock
https://www.youtube.com/watch?v=J5mely9PUFQ&list=PLm3gZzAZXT4v1Rd893pQijsHWBrVt43Lr&index=79,Show,00:00:35,00:04:29,rock
https://www.youtube.com/watch?v=zjGykhejOtI&list=PLm3gZzAZXT4v1Rd893pQijsHWBrVt43Lr&index=6,Show,00:00:42,00:04:16,electronic
https://www.youtube.com/watch?v=sIhp1QyP6C8&list=PLm3gZzAZXT4v1Rd893pQijsHWBrVt43Lr&index=14,Show,00:00:29,00:03:29,pop
https://www.youtube.com/watch?v=00LOPp2ZqOI&list=PLm3gZzAZXT4v1Rd893pQijsHWBrVt43Lr&index=167,Show,00:00:28,00:04:06,indi
https://www.youtube.com/watch?v=PA9eDiNPhUQ&list=PLm3gZzAZXT4v1Rd893pQijsHWBrVt43Lr&index=73,Show,00:00:35,00:03:59,indi
https://www.youtube.com/watch?v=qXAZEpWnbBk&list=PLm3gZzAZXT4v1Rd893pQijsHWBrVt43Lr&index=48,Show,00:00:16,00:02:13,pop
https://www.youtube.com/watch?v=Gl9PncwE-WA&list=PLm3gZzAZXT4v1Rd893pQijsHWBrVt43Lr&index=86,Show,00:00:24,00:04:37,classical
https://www.youtube.com/watch?v=LvjtnBCQ0wQ&list=PLm3gZzAZXT4v1Rd893pQijsHWBrVt43Lr&index=59,Show,00:00:37,00:04:00,hiphop
https://www.youtube.com/watch?v=xe_NGOtBclY&list=PLm3gZzAZXT4v1Rd893pQijsHWBrVt43Lr&index=7,Show,00:00:38,00:04:16,rock
https://www.youtube.com/watch?v=3c0S8QETBnQ&list=PLm3gZzAZXT4v1Rd893pQijsHWBrVt43Lr&index=111,Show,00:00:25,00:03:51,indi
https://www.youtube.com/watch?v=g7hERUOTn6g&list=PLm3gZzAZXT4v1Rd893pQijsHWBrVt43Lr&index=39,Show,00:00:31,00:04:35,rock
https://www.youtube.com/watch?v=9fRsU5EdNa0&list=PLm3gZzAZXT4v1Rd893pQijsHWBrVt43Lr&index=43,Show,00:00:37,00:03:33,pop
https://www.youtube.com/watch?v=fuCduuBYzsk&list=PLm3gZzAZXT4v1Rd893pQijsHWBrVt43Lr&index=133,Show,00:00:32,00:03:45,pop
https://www.youtube.com/watch?v=QWBy4K4KnrY&list=PLm3gZzAZXT4v1Rd893pQijsHWBrVt43Lr&index=10,Show,00:00:17,00:03:21,hiphop
https://www.youtube.com/watch?v=Xt3Nbcl3aco&list=PLm3gZzAZXT4v1Rd893pQijsHWBrVt43Lr&index=30,Show,00:00:43,00:04:51,pop
https://www.youtube.com/watch?v=fim8XNZPSp4&list=PLm3gZzAZXT4v1Rd893pQijsHWBrVt43Lr&index=29,Show,00:00:24,00:03:58,rock
https://www.youtube.com/watch?v=I-B1W5UwWWo&list=PLm3gZzAZXT4v1Rd893pQijsHWBrVt43Lr&index=15,Show,00:00:28,00:04:01,pop
https://www.youtube.com/watch?v=nD3b83HzD7c&list=PLm3gZzAZXT4v1Rd893pQijsHWBrVt43Lr&index=36,Show,00:00:30,00:04:49,pop
https://www.youtube.com/watch?v=u0Fsz1vRltY&list=PLm3gZzAZXT4v1Rd893pQijsHWBrVt43Lr&index=72,Show,00:00:15,00:02:50,pop
https://www.youtube.com/watch?v=0amdhu8Mi0A&list=PLm3gZzAZXT4v1Rd893pQijsHWBrVt43Lr&index=78,Show,00:00:32,00:02:46,pop
https://www.youtube.com/watch?v=3D3DPkUOdfs&list=PLm3gZzAZXT4v1Rd893pQijsHWBrVt43Lr&index=31,Show,00:00:33,00:03:49,indi
https://www.youtube.com/watch?v=P-aQCH_N688&list=PLm3gZzAZXT4v1Rd893pQijsHWBrVt43Lr&index=102,Show,00:00:18,00:03:15,pop
https://youtu.be/dQdSLYjlT-U,Concert,00:00:05,00:03:07,pop
https://youtu.be/dQdSLYjlT-U,Concert,00:04:46,00:08:41,country
https://youtu.be/dQdSLYjlT-U,Concert,00:10:04,00:14:07,country
https://youtu.be/dQdSLYjlT-U,Concert,00:16:13,00:19:00,country
https://youtu.be/dQdSLYjlT-U,Concert,00:19:53,00:24:14,pop
https://youtu.be/dQdSLYjlT-U,Concert,00:25:33,00:30:01,country
https://youtu.be/dQdSLYjlT-U,Concert,00:30:43,00:34:14,pop
https://youtu.be/dQdSLYjlT-U,Concert,00:34:45,00:38:50,country
https://youtu.be/dQdSLYjlT-U,Concert,00:42:19,00:45:40,blues
https://youtu.be/dQdSLYjlT-U,Concert,00:49:58,00:53:47,pop
https://youtu.be/dQdSLYjlT-U,Concert,00:56:01,01:01:39,pop
https://youtu.be/dQdSLYjlT-U,Concert,01:05:29,01:10:42,pop
https://youtu.be/dQdSLYjlT-U,Concert,01:11:05,01:15:07,country
https://youtu.be/oIhnqW-EN1A,Concert,00:00:05,00:03:38,pop
https://youtu.be/oIhnqW-EN1A,Concert,00:06:30,00:10:08,disco
https://youtu.be/oIhnqW-EN1A,Concert,00:13:10,00:14:49,pop
https://youtu.be/oIhnqW-EN1A,Concert,00:15:40,00:20:38,pop
https://youtu.be/oIhnqW-EN1A,Concert,00:24:54,00:26:33,country
https://youtu.be/oIhnqW-EN1A,Concert,00:29:11,00:32:13,hiphop
https://youtu.be/oIhnqW-EN1A,Concert,00:33:35,00:37:47,pop
https://youtu.be/oIhnqW-EN1A,Concert,00:38:21,00:40:45,pop
https://youtu.be/oIhnqW-EN1A,Concert,00:41:19,00:44:59,pop
https://youtu.be/oIhnqW-EN1A,Concert,00:46:30,00:50:31,rock
https://youtu.be/oIhnqW-EN1A,Concert,00:51:26,00:55:51,pop
https://youtu.be/oIhnqW-EN1A,Concert,00:56:18,00:59:44,rock
https://youtu.be/L4BnPJbnPrg,Concert,00:00:07,00:05:26,rock
https://youtu.be/L4BnPJbnPrg,Concert,00:07:39,00:10:38,electronic
https://youtu.be/L4BnPJbnPrg,Concert,00:12:37,00:15:30,hiphop
https://youtu.be/L4BnPJbnPrg,Concert,00:19:42,00:22:55,reggae
https://youtu.be/L4BnPJbnPrg,Concert,00:24:50,00:28:50,pop
https://youtu.be/L4BnPJbnPrg,Concert,00:31:13,00:34:29,pop
https://youtu.be/L4BnPJbnPrg,Concert,00:41:26,00:44:39,electronic
https://youtu.be/L4BnPJbnPrg,Concert,00:46:10,00:49:51,pop
https://youtu.be/L4BnPJbnPrg,Concert,00:51:27,00:55:51,pop
https://youtu.be/L4BnPJbnPrg,Concert,00:57:02,01:00:29,pop
https://youtu.be/DLkOpwONU0k,Concert,00:00:06,00:05:04,pop
https://youtu.be/DLkOpwONU0k,Concert,00:09:14,00:13:13,pop
https://youtu.be/DLkOpwONU0k,Concert,00:16:39,00:20:54,pop
https://youtu.be/DLkOpwONU0k,Concert,00:22:55,00:24:43,pop
https://youtu.be/DLkOpwONU0k,Concert,00:25:39,00:29:52,pop
https://youtu.be/DLkOpwONU0k,Concert,00:31:32,00:35:56,pop
https://youtu.be/DLkOpwONU0k,Concert,00:38:24,00:39:24,blues
https://youtu.be/DLkOpwONU0k,Concert,00:40:02,00:45:42,pop
https://youtu.be/DLkOpwONU0k,Concert,00:47:09,00:52:14,pop
https://youtu.be/DLkOpwONU0k,Concert,00:52:50,00:58:27,pop
https://youtu.be/yg7YDLK5vfQ,Concert,00:00:05,00:03:53,hiphop
https://youtu.be/yg7YDLK5vfQ,Concert,00:05:40,00:09:24,hiphop
https://youtu.be/yg7YDLK5vfQ,Concert,00:12:18,00:16:51,hiphop
https://youtu.be/yg7YDLK5vfQ,Concert,00:20:43,00:24:25,hiphop
https://youtu.be/yg7YDLK5vfQ,Concert,00:26:48,00:30:23,hiphop
https://youtu.be/yg7YDLK5vfQ,Concert,00:33:16,00:37:37,hiphop
https://youtu.be/yg7YDLK5vfQ,Concert,00:39:37,00:42:09,hiphop
https://youtu.be/yg7YDLK5vfQ,Concert,00:43:27,00:47:54,hiphop
https://youtu.be/yg7YDLK5vfQ,Concert,00:48:43,00:52:50,hiphop
https://youtu.be/E6dXLN6pSBc,Concert,00:00:05,00:04:50,metal
https://youtu.be/E6dXLN6pSBc,Concert,00:06:20,00:12:00,metal
https://youtu.be/E6dXLN6pSBc,Concert,00:13:47,00:14:51,rock
https://youtu.be/E6dXLN6pSBc,Concert,00:15:59,00:21:45,rock
https://youtu.be/E6dXLN6pSBc,Concert,00:24:54,00:28:10,folk
https://youtu.be/E6dXLN6pSBc,Concert,00:28:26,00:33:32,metal
https://youtu.be/E6dXLN6pSBc,Concert,00:36:10,00:41:09,metal
https://youtu.be/E6dXLN6pSBc,Concert,00:43:23,00:47:11,rock
https://youtu.be/E6dXLN6pSBc,Concert,00:49:20,00:54:45,metal
https://youtu.be/E6dXLN6pSBc,Concert,00:56:50,01:03:55,rock
https://youtu.be/E6dXLN6pSBc,Concert,01:04:13,01:13:30,metal
https://youtu.be/Y7Kehdz0aeI,Concert,00:00:05,00:04:15,hiphop
https://youtu.be/Y7Kehdz0aeI,Concert,00:05:39,00:09:54,hiphop
https://youtu.be/Y7Kehdz0aeI,Concert,00:13:20,00:17:36,hiphop
https://youtu.be/Y7Kehdz0aeI,Concert,00:20:58,00:24:48,hiphop
https://youtu.be/Y7Kehdz0aeI,Concert,00:26:45,00:29:26,hiphop
https://youtu.be/Y7Kehdz0aeI,Concert,00:30:55,00:33:09,blues
https://youtu.be/Y7Kehdz0aeI,Concert,00:34:33,00:38:08,hiphop
https://youtu.be/Y7Kehdz0aeI,Concert,00:40:07,00:42:28,hiphop
https://youtu.be/Y7Kehdz0aeI,Concert,00:43:48,00:48:10,hiphop
https://youtu.be/Y7Kehdz0aeI,Concert,00:50:26,00:54:14,blues
https://youtu.be/Y7Kehdz0aeI,Concert,00:55:20,00:59:46,hiphop
https://youtu.be/rbeojOeMKvI,Concert,00:00:05,00:03:07,rock
https://youtu.be/rbeojOeMKvI,Concert,00:05:32,00:08:20,rock
https://youtu.be/rbeojOeMKvI,Concert,00:10:32,00:14:18,rock
https://youtu.be/rbeojOeMKvI,Concert,00:16:45,00:18:47,rock
https://youtu.be/rbeojOeMKvI,Concert,00:20:23,00:23:01,rock
https://youtu.be/rbeojOeMKvI,Concert,00:25:56,00:30:18,rock
https://youtu.be/rbeojOeMKvI,Concert,00:32:02,00:35:18,rock
https://youtu.be/rbeojOeMKvI,Concert,00:36:19,00:40:01,rock
https://youtu.be/rbeojOeMKvI,Concert,00:41:26,00:45:20,rock
https://youtu.be/rbeojOeMKvI,Concert,00:46:41,00:51:04,rock
https://youtu.be/rbeojOeMKvI,Concert,00:51:20,00:53:53,rock
https://youtu.be/Ju44UhH-Pfs,Concert,00:00:08,00:02:50,blues
https://youtu.be/Ju44UhH-Pfs,Concert,00:03:46,00:08:09,rock
https://youtu.be/Ju44UhH-Pfs,Concert,00:08:49,00:13:30,rock
https://youtu.be/Ju44UhH-Pfs,Concert,00:14:19,00:17:46,indi
https://youtu.be/Ju44UhH-Pfs,Concert,00:18:24,00:24:06,pop
https://youtu.be/Ju44UhH-Pfs,Concert,00:24:47,00:29:26,folk
https://youtu.be/Ju44UhH-Pfs,Concert,00:29:59,00:33:39,pop
https://youtu.be/Ju44UhH-Pfs,Concert,00:34:43,00:40:05,folk
https://youtu.be/Ju44UhH-Pfs,Concert,00:40:14,00:41:15,blues
https://youtu.be/Ju44UhH-Pfs,Concert,00:42:09,00:46:17,rock
https://youtu.be/Ju44UhH-Pfs,Concert,00:46:53,00:52:17,rock
https://youtu.be/Ju44UhH-Pfs,Concert,00:52:40,00:56:00,pop
https://youtu.be/Ju44UhH-Pfs,Concert,00:56:27,00:59:56,pop
https://youtu.be/Ju44UhH-Pfs,Concert,01:00:57,01:03:53,rock
https://youtu.be/Ju44UhH-Pfs,Concert,01:05:32,01:09:35,rock
https://youtu.be/Ju44UhH-Pfs,Concert,01:10:09,01:13:50,rock
https://youtu.be/Ju44UhH-Pfs,Concert,01:15:06,01:16:49,folk
https://youtu.be/Ju44UhH-Pfs,Concert,01:17:08,01:18:28,folk
https://youtu.be/Ju44UhH-Pfs,Concert,01:18:48,01:23:30,pop
https://youtu.be/Ju44UhH-Pfs,Concert,01:23:47,01:24:35,pop
https://youtu.be/Ju44UhH-Pfs,Concert,01:25:24,01:28:06,rock
https://youtu.be/Ju44UhH-Pfs,Concert,01:28:37,01:32:47,rock
https://youtu.be/Ju44UhH-Pfs,Concert,01:33:09,01:37:30,hiphop
https://youtu.be/Ju44UhH-Pfs,Concert,01:38:00,01:41:58,rock
https://youtu.be/Ju44UhH-Pfs,Concert,01:42:02,01:44:37,pop
https://youtu.be/Ju44UhH-Pfs,Concert,01:45:07,01:48:06,rock
https://youtu.be/Ju44UhH-Pfs,Concert,01:49:18,01:53:48,blues
https://youtu.be/Ju44UhH-Pfs,Concert,01:54:41,01:59:09,rock
https://youtu.be/Ju44UhH-Pfs,Concert,01:59:56,02:01:34,folk
https://youtu.be/Ju44UhH-Pfs,Concert,02:02:31,02:05:54,pop
https://youtu.be/Ju44UhH-Pfs,Concert,02:06:25,02:07:52,rock
https://youtu.be/Ju44UhH-Pfs,Concert,02:08:05,02:10:14,pop
https://youtu.be/Ju44UhH-Pfs,Concert,02:10:46,02:15:25,classical
https://youtu.be/Ju44UhH-Pfs,Concert,02:16:17,02:19:58,rock
https://youtu.be/Ju44UhH-Pfs,Concert,02:20:59,02:25:35,folk
https://youtu.be/Ju44UhH-Pfs,Concert,02:26:01,02:29:47,rock
https://youtu.be/Ju44UhH-Pfs,Concert,02:30:43,02:34:22,folk
https://youtu.be/Ju44UhH-Pfs,Concert,02:34:49,02:41:10,reggae
https://youtu.be/Ju44UhH-Pfs,Concert,02:41:26,02:42:55,rock
https://youtu.be/Ju44UhH-Pfs,Concert,02:43:46,02:48:13,rock
https://youtu.be/Ju44UhH-Pfs,Concert,02:48:53,02:53:17,hiphop
https://youtu.be/Ju44UhH-Pfs,Concert,02:53:31,02:56:39,blues
https://youtu.be/Ju44UhH-Pfs,Concert,02:57:10,03:01:58,rock
https://youtu.be/Ju44UhH-Pfs,Concert,03:02:34,03:06:34,rock
https://youtu.be/Ju44UhH-Pfs,Concert,03:07:28,03:10:03,pop
https://youtu.be/Ju44UhH-Pfs,Concert,03:11:10,03:15:28,pop
https://youtu.be/Ju44UhH-Pfs,Concert,03:15:58,03:16:42,blues
https://youtu.be/Ju44UhH-Pfs,Concert,03:17:11,03:20:13,metal
https://youtu.be/Ju44UhH-Pfs,Concert,03:20:47,03:23:46,rock
https://youtu.be/Ju44UhH-Pfs,Concert,03:24:27,03:28:07,rock
https://youtu.be/Ju44UhH-Pfs,Concert,03:28:31,03:30:26,pop
https://youtu.be/Ju44UhH-Pfs,Concert,03:30:33,03:33:19,pop
https://youtu.be/Ju44UhH-Pfs,Concert,03:33:39,03:37:41,indi
https://youtu.be/Ju44UhH-Pfs,Concert,03:37:54,03:43:32,rock
https://youtu.be/A_mFsmSjG3w,Concert,00:00:05,00:02:56,folk
https://youtu.be/A_mFsmSjG3w,Concert,00:04:34,00:07:05,folk
https://youtu.be/A_mFsmSjG3w,Concert,00:07:05,00:09:44,rock
https://youtu.be/A_mFsmSjG3w,Concert,00:12:50,00:16:22,folk
https://youtu.be/A_mFsmSjG3w,Concert,00:19:53,00:23:22,folk
https://youtu.be/A_mFsmSjG3w,Concert,00:28:44,00:31:56,folk
https://youtu.be/A_mFsmSjG3w,Concert,00:35:21,00:38:40,folk
https://youtu.be/A_mFsmSjG3w,Concert,00:38:40,00:41:05,folk
https://youtu.be/A_mFsmSjG3w,Concert,00:43:18,00:47:42,folk
https://youtu.be/A_mFsmSjG3w,Concert,00:49:07,00:52:48,folk
https://youtu.be/A_mFsmSjG3w,Concert,00:53:19,00:57:43,folk
https://youtu.be/mXhpchfhU8s,Concert,00:00:06,00:04:11,pop
https://youtu.be/mXhpchfhU8s,Concert,00:06:20,00:09:15,pop
https://youtu.be/mXhpchfhU8s,Concert,00:11:17,00:14:54,pop
https://youtu.be/mXhpchfhU8s,Concert,00:15:43,00:16:49,pop
https://youtu.be/mXhpchfhU8s,Concert,00:17:22,00:20:50,pop
https://youtu.be/mXhpchfhU8s,Concert,00:24:04,00:27:02,pop
https://youtu.be/mXhpchfhU8s,Concert,00:28:38,00:32:22,pop
https://youtu.be/mXhpchfhU8s,Concert,00:35:28,00:37:28,pop
https://youtu.be/mXhpchfhU8s,Concert,00:38:06,00:42:45,pop
https://youtu.be/mXhpchfhU8s,Concert,00:45:11,00:48:18,pop
https://youtu.be/mXhpchfhU8s,Concert,00:49:59,00:53:09,pop
https://youtu.be/mXhpchfhU8s,Concert,00:53:41,00:57:27,pop
https://youtu.be/hT4kq71QAFY,Concert,00:00:05,00:02:57,hiphop
https://youtu.be/hT4kq71QAFY,Concert,00:03:57,00:07:15,hiphop
https://youtu.be/hT4kq71QAFY,Concert,00:10:15,00:13:26,hiphop
https://youtu.be/hT4kq71QAFY,Concert,00:14:59,00:18:15,hiphop
https://youtu.be/hT4kq71QAFY,Concert,00:19:46,00:22:16,hiphop
https://youtu.be/hT4kq71QAFY,Concert,00:23:21,00:27:10,pop
https://youtu.be/hT4kq71QAFY,Concert,00:28:15,00:31:34,hiphop
https://youtu.be/hT4kq71QAFY,Concert,00:33:13,00:37:48,hiphop
https://youtu.be/hT4kq71QAFY,Concert,00:39:58,00:43:38,hiphop
https://youtu.be/hT4kq71QAFY,Concert,00:47:05,00:50:49,hiphop
https://youtu.be/hT4kq71QAFY,Concert,00:53:09,00:53:54,hiphop
https://youtu.be/hT4kq71QAFY,Concert,00:54:53,00:57:59,hiphop
https://youtu.be/gLPzI75AbS4,Concert,00:00:06,00:03:07,pop
https://youtu.be/gLPzI75AbS4,Concert,00:04:29,00:07:25,pop
https://youtu.be/gLPzI75AbS4,Concert,00:10:09,00:13:13,pop
https://youtu.be/gLPzI75AbS4,Concert,00:15:23,00:17:38,pop
https://youtu.be/gLPzI75AbS4,Concert,00:20:45,00:23:10,blues
https://youtu.be/gLPzI75AbS4,Concert,00:26:09,00:28:52,reggae
https://youtu.be/gLPzI75AbS4,Concert,00:31:49,00:35:09,pop
https://youtu.be/gLPzI75AbS4,Concert,00:37:43,00:41:44,pop
https://youtu.be/gLPzI75AbS4,Concert,00:44:07,00:47:18,pop
https://youtu.be/gLPzI75AbS4,Concert,00:48:19,00:52:15,blues
https://youtu.be/gLPzI75AbS4,Concert,00:53:15,00:57:30,pop
https://www.youtube.com/watch?v=ZDC93PDwv_8--,Concert,00:05:38,00:08:38,pop
https://www.youtube.com/watch?v=ZDC93PDwv_8--,Concert,00:14:35,00:17:52,pop
https://www.youtube.com/watch?v=ZDC93PDwv_8--,Concert,00:23:56,00:27:40,pop
https://www.youtube.com/watch?v=ZDC93PDwv_8--,Concert,00:32:20,00:35:53,pop
https://www.youtube.com/watch?v=ZDC93PDwv_8--,Concert,00:46:30,00:50:05,hiphop
https://www.youtube.com/watch?v=ZDC93PDwv_8--,Concert,00:51:28,00:55:06,pop
https://www.youtube.com/watch?v=ZDC93PDwv_8--,Concert,01:02:22,01:05:38,pop
https://www.youtube.com/watch?v=ZDC93PDwv_8--,Concert,01:11:55,01:15:23,pop
https://www.youtube.com/watch?v=ZDC93PDwv_8--,Concert,01:20:04,01:23:36,pop
https://www.youtube.com/watch?v=ZDC93PDwv_8--,Concert,01:28:27,01:32:16,pop
https://www.youtube.com/watch?v=ZDC93PDwv_8--,Concert,01:36:49,01:39:40,pop
https://www.youtube.com/watch?v=ZDC93PDwv_8--,Concert,01:46:04,01:49:02,pop
https://www.youtube.com/watch?v=ZDC93PDwv_8--,Concert,01:54:07,01:57:29,pop
https://www.youtube.com/watch?v=ZDC93PDwv_8--,Concert,01:59:10,02:02:06,pop
https://www.youtube.com/watch?v=ZDC93PDwv_8--,Concert,02:08:47,02:11:52,pop
https://www.youtube.com/watch?v=ZDC93PDwv_8--,Concert,02:16:21,02:20:11,hiphop
https://www.youtube.com/watch?v=ZDC93PDwv_8--,Concert,02:26:06,02:30:05,pop
https://www.youtube.com/watch?v=ZDC93PDwv_8--,Concert,02:36:50,02:41:24,pop
https://www.youtube.com/watch?v=TrgcDmxIeow,Concert,00:00:14,00:03:29,rock
https://www.youtube.com/watch?v=TrgcDmxIeow,Concert,00:04:38,00:08:02,pop
https://www.youtube.com/watch?v=TrgcDmxIeow,Concert,00:09:10,00:12:45,pop
https://www.youtube.com/watch?v=TrgcDmxIeow,Concert,00:13:23,00:16:29,pop
https://www.youtube.com/watch?v=TrgcDmxIeow,Concert,00:18:29,00:22:38,pop
https://www.youtube.com/watch?v=TrgcDmxIeow,Concert,00:23:50,00:27:02,pop
https://www.youtube.com/watch?v=TrgcDmxIeow,Concert,00:27:57,00:30:06,pop
https://www.youtube.com/watch?v=TrgcDmxIeow,Concert,00:31:50,00:37:11,pop
https://www.youtube.com/watch?v=TrgcDmxIeow,Concert,00:38:52,00:42:26,pop
https://www.youtube.com/watch?v=TrgcDmxIeow,Concert,00:43:52,00:46:37,pop
https://www.youtube.com/watch?v=TrgcDmxIeow,Concert,00:48:10,00:51:06,pop
https://www.youtube.com/watch?v=TrgcDmxIeow,Concert,00:52:13,00:55:45,pop
https://www.youtube.com/watch?v=TrgcDmxIeow,Concert,00:56:56,01:01:33,pop
https://www.youtube.com/watch?v=TrgcDmxIeow,Concert,01:02:45,01:05:44,pop
https://www.youtube.com/watch?v=TrgcDmxIeow,Concert,01:06:37,01:09:33,pop
https://www.youtube.com/watch?v=TrgcDmxIeow,Concert,01:11:23,01:14:50,pop
https://www.youtube.com/watch?v=TrgcDmxIeow,Concert,01:15:51,01:19:15,rock
https://www.youtube.com/watch?v=TrgcDmxIeow,Concert,01:20:11,01:24:08,pop
https://www.youtube.com/watch?v=TrgcDmxIeow,Concert,01:25:30,01:28:48,pop
https://www.youtube.com/watch?v=TrgcDmxIeow,Concert,01:30:48,01:33:59,pop
https://www.youtube.com/watch?v=TrgcDmxIeow,Concert,01:35:21,01:38:31,rock
https://www.youtube.com/watch?v=TrgcDmxIeow,Concert,01:40:58,01:44:19,pop
https://www.youtube.com/watch?v=TrgcDmxIeow,Concert,01:45:36,01:48:57,pop
https://www.youtube.com/watch?v=TrgcDmxIeow,Concert,01:50:47,01:52:21,pop
https://www.youtube.com/watch?v=TrgcDmxIeow,Concert,01:52:38,01:56:10,pop
https://www.youtube.com/watch?v=TrgcDmxIeow,Concert,01:58:37,02:01:28,pop
https://www.youtube.com/watch?v=TrgcDmxIeow,Concert,02:02:40,02:06:32,pop
https://www.youtube.com/watch?v=TrgcDmxIeow,Concert,02:10:38,02:14:04,pop
https://www.youtube.com/watch?v=rd4MAZgRSEA,Concert,00:06:11,00:09:16,pop
https://www.youtube.com/watch?v=rd4MAZgRSEA,Concert,00:09:42,00:12:49,electronic
https://www.youtube.com/watch?v=rd4MAZgRSEA,Concert,00:13:40,00:16:50,electronic
https://www.youtube.com/watch?v=rd4MAZgRSEA,Concert,00:17:09,00:19:49,pop
https://www.youtube.com/watch?v=rd4MAZgRSEA,Concert,00:19:51,00:23:35,electronic
https://www.youtube.com/watch?v=rd4MAZgRSEA,Concert,00:23:55,00:26:37,pop
https://www.youtube.com/watch?v=rd4MAZgRSEA,Concert,00:26:43,00:29:07,pop
https://www.youtube.com/watch?v=rd4MAZgRSEA,Concert,00:29:52,00:32:22,electronic
https://www.youtube.com/watch?v=rd4MAZgRSEA,Concert,00:39:12,00:43:15,hiphop
https://www.youtube.com/watch?v=rd4MAZgRSEA,Concert,00:43:41,00:47:30,hiphop
https://www.youtube.com/watch?v=rd4MAZgRSEA,Concert,00:47:48,00:53:05,hiphop
https://www.youtube.com/watch?v=rd4MAZgRSEA,Concert,00:53:51,00:58:47,hiphop
https://www.youtube.com/watch?v=rd4MAZgRSEA,Concert,00:58:56,01:02:53,hiphop
https://www.youtube.com/watch?v=rd4MAZgRSEA,Concert,01:03:00,01:08:19,hiphop
https://www.youtube.com/watch?v=rd4MAZgRSEA,Concert,01:08:21,01:12:01,hiphop
https://www.youtube.com/watch?v=rd4MAZgRSEA,Concert,01:12:34,01:16:26,hiphop
https://www.youtube.com/watch?v=rd4MAZgRSEA,Concert,01:25:40,01:30:12,pop
https://www.youtube.com/watch?v=rd4MAZgRSEA,Concert,01:30:46,01:34:39,pop
https://www.youtube.com/watch?v=rd4MAZgRSEA,Concert,01:35:08,01:38:04,pop
https://www.youtube.com/watch?v=rd4MAZgRSEA,Concert,01:38:22,01:41:21,pop
https://www.youtube.com/watch?v=rd4MAZgRSEA,Concert,01:41:50,01:44:44,hiphop
https://www.youtube.com/watch?v=rd4MAZgRSEA,Concert,01:45:23,01:48:00,pop
https://www.youtube.com/watch?v=rd4MAZgRSEA,Concert,01:51:29,01:54:36,pop
https://www.youtube.com/watch?v=rd4MAZgRSEA,Concert,02:01:37,02:05:44,pop
https://www.youtube.com/watch?v=rd4MAZgRSEA,Concert,02:06:04,02:10:01,pop
https://www.youtube.com/watch?v=rd4MAZgRSEA,Concert,02:10:14,02:13:13,pop
https://www.youtube.com/watch?v=rd4MAZgRSEA,Concert,02:14:12,02:17:04,pop
https://www.youtube.com/watch?v=rd4MAZgRSEA,Concert,02:17:41,02:20:56,pop
https://www.youtube.com/watch?v=rd4MAZgRSEA,Concert,02:21:30,02:25:16,pop
https://www.youtube.com/watch?v=rd4MAZgRSEA,Concert,02:25:20,02:29:12,pop
https://www.youtube.com/watch?v=rd4MAZgRSEA,Concert,02:29:51,02:33:35,pop
https://www.youtube.com/watch?v=ooyjNHoby2g,Contest,00:07:10,00:09:10,pop
https://www.youtube.com/watch?v=ooyjNHoby2g,Contest,00:17:34,00:19:24,pop
https://www.youtube.com/watch?v=ooyjNHoby2g,Contest,00:28:19,00:30:16,rock
https://www.youtube.com/watch?v=ooyjNHoby2g,Contest,00:38:20,00:40:31,rock
https://www.youtube.com/watch?v=ooyjNHoby2g,Contest,00:49:19,00:51:11,pop
https://www.youtube.com/watch?v=ooyjNHoby2g,Contest,00:58:06,01:00:03,classical
https://www.youtube.com/watch?v=ooyjNHoby2g,Contest,01:07:30,01:09:29,pop
https://www.youtube.com/watch?v=ooyjNHoby2g,Contest,01:16:50,01:19:02,pop
https://www.youtube.com/watch?v=ooyjNHoby2g,Contest,01:28:19,01:30:22,pop
https://www.youtube.com/watch?v=ooyjNHoby2g,Contest,01:37:40,01:39:20,pop
https://www.youtube.com/watch?v=ooyjNHoby2g,Contest,01:46:04,01:48:33,pop
https://www.youtube.com/watch?v=ooyjNHoby2g,Contest,01:53:20,01:55:12,rock
https://www.youtube.com/watch?v=arEX3Vf4Qw8,Contest,00:01:09,00:03:44,pop
https://www.youtube.com/watch?v=arEX3Vf4Qw8,Contest,00:09:28,00:11:30,electronic
https://www.youtube.com/watch?v=arEX3Vf4Qw8,Contest,00:19:14,00:21:14,pop
https://www.youtube.com/watch?v=arEX3Vf4Qw8,Contest,00:29:03,00:31:01,blues
https://www.youtube.com/watch?v=arEX3Vf4Qw8,Contest,00:38:30,00:40:15,pop
https://www.youtube.com/watch?v=arEX3Vf4Qw8,Contest,00:47:30,00:49:05,pop
https://www.youtube.com/watch?v=arEX3Vf4Qw8,Contest,00:57:56,00:59:51,pop
https://www.youtube.com/watch?v=arEX3Vf4Qw8,Contest,01:07:33,01:09:14,pop
https://www.youtube.com/watch?v=arEX3Vf4Qw8,Contest,01:18:50,01:20:52,pop
https://www.youtube.com/watch?v=arEX3Vf4Qw8,Contest,01:25:42,01:27:37,pop
https://www.youtube.com/watch?v=arEX3Vf4Qw8,Contest,01:28:56,01:31:00,pop
https://www.youtube.com/watch?v=EFd0owOFGUc,Contest,00:01:15,00:04:33,pop
https://www.youtube.com/watch?v=EFd0owOFGUc,Contest,00:10:17,00:12:07,reggae
https://www.youtube.com/watch?v=EFd0owOFGUc,Contest,00:21:07,00:22:49,rock
https://www.youtube.com/watch?v=EFd0owOFGUc,Contest,00:31:01,00:32:40,pop
https://www.youtube.com/watch?v=EFd0owOFGUc,Contest,00:42:20,00:44:09,pop
https://www.youtube.com/watch?v=EFd0owOFGUc,Contest,00:52:15,00:54:10,pop
https://www.youtube.com/watch?v=EFd0owOFGUc,Contest,01:01:47,01:03:32,pop
https://www.youtube.com/watch?v=EFd0owOFGUc,Contest,01:12:33,01:14:24,pop
https://www.youtube.com/watch?v=EFd0owOFGUc,Contest,01:24:27,01:26:07,pop
https://www.youtube.com/watch?v=EFd0owOFGUc,Contest,01:33:22,01:35:32,rock
https://www.youtube.com/watch?v=EFd0owOFGUc,Contest,01:36:48,01:38:55,pop
https://www.youtube.com/watch?v=HToIyb0t7_8,Contest,00:01:12,00:03:31,pop
https://www.youtube.com/watch?v=HToIyb0t7_8,Contest,00:09:31,00:11:12,pop
https://www.youtube.com/watch?v=HToIyb0t7_8,Contest,00:18:44,00:20:41,pop
https://www.youtube.com/watch?v=HToIyb0t7_8,Contest,00:28:48,00:30:26,pop
https://www.youtube.com/watch?v=HToIyb0t7_8,Contest,00:37:25,00:39:18,pop
https://www.youtube.com/watch?v=HToIyb0t7_8,Contest,00:47:21,00:49:05,pop
https://www.youtube.com/watch?v=HToIyb0t7_8,Contest,00:56:56,00:58:47,pop
https://www.youtube.com/watch?v=HToIyb0t7_8,Contest,01:09:09,01:10:54,pop
https://www.youtube.com/watch?v=HToIyb0t7_8,Contest,01:26:24,01:27:55,pop
https://www.youtube.com/watch?v=HToIyb0t7_8,Contest,01:33:38,01:35:29,pop
https://www.youtube.com/watch?v=HToIyb0t7_8,Contest,01:36:57,01:38:37,pop
https://www.youtube.com/watch?v=v-VGEIicPA4,Contest,00:08:54,00:11:16,pop
https://www.youtube.com/watch?v=v-VGEIicPA4,Contest,00:21:10,00:23:06,pop
https://www.youtube.com/watch?v=v-VGEIicPA4,Contest,00:31:01,00:32:27,pop
https://www.youtube.com/watch?v=v-VGEIicPA4,Contest,00:44:11,00:46:20,pop
https://www.youtube.com/watch?v=v-VGEIicPA4,Contest,00:57:42,01:00:12,pop
https://www.youtube.com/watch?v=v-VGEIicPA4,Contest,01:10:48,01:13:07,pop
https://www.youtube.com/watch?v=v-VGEIicPA4,Contest,01:22:31,01:24:37,pop
https://www.youtube.com/watch?v=v-VGEIicPA4,Contest,01:32:56,01:34:55,pop
https://www.youtube.com/watch?v=v-VGEIicPA4,Contest,01:46:28,01:48:36,pop
https://www.youtube.com/watch?v=f7hffB-fVMg,Contest,00:06:37,00:08:52,pop
https://www.youtube.com/watch?v=f7hffB-fVMg,Contest,00:16:48,00:18:44,pop
https://www.youtube.com/watch?v=f7hffB-fVMg,Contest,00:27:28,00:30:03,pop
https://www.youtube.com/watch?v=f7hffB-fVMg,Contest,00:44:17,00:45:58,pop
https://www.youtube.com/watch?v=f7hffB-fVMg,Contest,00:53:48,00:55:58,pop
https://www.youtube.com/watch?v=f7hffB-fVMg,Contest,01:08:04,01:09:54,pop
https://www.youtube.com/watch?v=f7hffB-fVMg,Contest,01:19:55,01:22:30,pop
https://www.youtube.com/watch?v=f7hffB-fVMg,Contest,01:31:32,01:32:58,pop
https://www.youtube.com/watch?v=f7hffB-fVMg,Contest,01:41:51,01:43:40,pop
https://www.youtube.com/watch?v=f7hffB-fVMg,Contest,01:52:46,01:55:01,hiphop
https://youtu.be/Q6xUzntPDLo,Concert,00:00:38,00:04:58,country
https://youtu.be/Q6xUzntPDLo,Concert,00:05:16,00:10:13,rock
https://youtu.be/Q6xUzntPDLo,Concert,00:10:28,00:14:28,country
https://youtu.be/Q6xUzntPDLo,Concert,00:15:04,00:20:37,country
https://youtu.be/Q6xUzntPDLo,Concert,00:21:18,00:25:30,rock
https://youtu.be/Q6xUzntPDLo,Concert,00:25:44,00:29:44,rock
https://youtu.be/Q6xUzntPDLo,Concert,00:30:58,00:35:36,rock
https://youtu.be/4fR-8XX5cIc,Concert,00:00:00,00:04:37,blues
https://youtu.be/4fR-8XX5cIc,Concert,00:04:57,00:07:33,blues
https://youtu.be/4fR-8XX5cIc,Concert,00:07:47,00:11:07,rock
https://youtu.be/4fR-8XX5cIc,Concert,00:11:18,00:16:25,rock
https://youtu.be/4fR-8XX5cIc,Concert,00:16:39,00:21:24,blues
https://youtu.be/4fR-8XX5cIc,Concert,00:21:30,00:25:16,rock
https://youtu.be/4fR-8XX5cIc,Concert,00:25:35,00:28:47,rock
https://youtu.be/4fR-8XX5cIc,Concert,00:29:05,00:33:31,blues
https://youtu.be/4fR-8XX5cIc,Concert,00:33:54,00:36:01,rock
https://youtu.be/4fR-8XX5cIc,Concert,00:36:21,00:40:25,blues
https://youtu.be/4fR-8XX5cIc,Concert,00:40:47,00:43:33,rock
https://youtu.be/4fR-8XX5cIc,Concert,00:43:52,00:55:25,rock
https://youtu.be/4fR-8XX5cIc,Concert,00:56:01,00:56:40,rock
https://youtu.be/emgeExuT-YA,Contest,00:14:28,00:17:26,pop
https://youtu.be/emgeExuT-YA,Contest,00:28:38,00:31:36,hiphop
https://youtu.be/emgeExuT-YA,Contest,00:41:45,00:44:43,pop
https://youtu.be/emgeExuT-YA,Contest,00:59:22,01:02:23,pop
https://youtu.be/emgeExuT-YA,Contest,01:12:41,01:15:14,pop
https://youtu.be/emgeExuT-YA,Contest,01:25:58,01:28:47,hiphop
https://youtu.be/emgeExuT-YA,Contest,01:40:00,01:43:01,pop
https://youtu.be/emgeExuT-YA,Contest,01:53:11,01:56:01,hiphop
https://youtu.be/emgeExuT-YA,Contest,02:02:43,02:06:04,hiphop
https://youtu.be/emgeExuT-YA,Contest,02:08:26,02:12:28,rock
https://youtu.be/emgeExuT-YA,Contest,02:18:04,02:21:04,pop
https://youtu.be/emgeExuT-YA,Contest,02:41:02,02:44:07,pop
https://youtu.be/wY9omKtRcR8,Contest,00:03:34,00:04:10,pop
https://youtu.be/wY9omKtRcR8,Contest,00:04:42,00:07:54,pop
https://youtu.be/wY9omKtRcR8,Contest,00:09:35,00:10:58,pop
https://youtu.be/wY9omKtRcR8,Contest,00:11:19,00:14:24,disco
https://youtu.be/wY9omKtRcR8,Contest,00:34:50,00:37:31,pop
https://youtu.be/wY9omKtRcR8,Contest,00:52:12,00:55:10,pop
https://youtu.be/wY9omKtRcR8,Contest,01:08:11,01:11:05,folk
https://youtu.be/wY9omKtRcR8,Contest,01:22:47,01:25:48,pop
https://youtu.be/wY9omKtRcR8,Contest,01:36:45,01:39:31,pop
https://youtu.be/wY9omKtRcR8,Contest,01:50:19,01:53:07,hiphop
https://youtu.be/wY9omKtRcR8,Contest,02:12:21,02:16:57,pop
